TERRITORY,mean,median,count
APAC,1.1403326982106654,1.2245251811542892,6
EMEA,1.0377345862028788,0.8587225191730279,44
Japan,1.0434936063641982,0.9838507700800672,4
Missing,0.9295712524303295,0.7609375642357186,38
