PRODUCTLINE,mean,median,count
Classic Cars,1.018798617900844,0.8073453170750952,89
Motorcycles,1.222052034217719,0.9452552368664568,49
Planes,1.0455930969465927,0.8621316794750159,47
Ships,1.1302396105450132,0.7827461214216052,48
Trains,1.306999019562877,0.9069172911743862,34
Trucks and Buses,1.222194536778862,0.9338621930582032,48
Vintage Cars,1.0126661737791873,0.7742011207760365,84
